<?xml version="1.0" encoding="UTF-8"?>
<beans xmlns="http://www.springframework.org/schema/beans"
	xmlns:xsi="http://www.w3.org/2001/XMLSchema-instance"
	xsi:schemaLocation="http://www.springframework.org/schema/beans http://www.springframework.org/schema/beans/spring-beans.xsd">
	<!-- configure dependency bean -->
	<bean id="test" class="dependency.TestTransport" scope = "prototype"/>
	<bean id="http" class="dependency.HttpTransport" />
	<bean id="soap" class="dependency.SoapTransport" scope = "prototype"/>
	<bean id="email" class="dependency.EmailBasedNotification" />
	<bean id="mesg" class="dependency.MesgBasedNotification" scope = "prototype"/>
	<!-- dependent bean config -->
	<bean id="my_atm" class="dependent.ATMImpl" init-method="myInit"
		destroy-method="myDestroy">
		<!-- Constructor based D.I -->
		<constructor-arg name="cash1234" value="100000" />
		<property name="myTransport" ref="http" />
		<property name="notification" ref="email" />
	</bean>
	
	

</beans>
